﻿{"cameraMode":{"drawMode":0,"name":"Shaded","section":"Shading Mode"},"sceneLighting":false,"audioPlay":false,"sceneViewState":{"m_AlwaysRefresh":false,"showFog":true,"showSkybox":false,"showFlares":true,"showImageEffects":true,"showParticleSystems":true,"showVisualEffectGraphs":true,"m_FxEnabled":true},"in2DMode":false,"pivot":{"x":-12.084540367126465,"y":2.4666991233825685,"z":1.7169830799102784},"rotation":{"x":-0.02847401425242424,"y":-0.6425334215164185,"z":-0.02391025610268116,"w":0.7653580904006958},"size":7.6000823974609379,"orthographic":false}