﻿{"cameraMode":{"drawMode":0,"name":"Shaded","section":"Shading Mode"},"sceneLighting":false,"audioPlay":false,"sceneViewState":{"m_AlwaysRefresh":true,"showFog":true,"showSkybox":false,"showFlares":true,"showImageEffects":true,"showParticleSystems":true,"showVisualEffectGraphs":true,"m_FxEnabled":true},"in2DMode":false,"pivot":{"x":-11.438406944274903,"y":-2.9163734912872316,"z":11.243885040283204},"rotation":{"x":-0.1457195281982422,"y":0.32416805624961855,"z":-0.05044803023338318,"w":-0.933422327041626},"size":10.0,"orthographic":false}