﻿{"cameraMode":{"drawMode":0,"name":"Shaded","section":"Shading Mode"},"sceneLighting":true,"audioPlay":false,"sceneViewState":{"m_AlwaysRefresh":false,"showFog":true,"showSkybox":true,"showFlares":true,"showImageEffects":true,"showParticleSystems":true,"showVisualEffectGraphs":true,"m_FxEnabled":true},"in2DMode":false,"pivot":{"x":738.1981811523438,"y":18.277311325073243,"z":-80.7347412109375},"rotation":{"x":0.018227480351924897,"y":0.307267963886261,"z":0.0059995814226567749,"w":-0.951524019241333},"size":0.02608204446732998,"orthographic":false}