﻿{"cameraMode":{"drawMode":0,"name":"Shaded","section":"Shading Mode"},"sceneLighting":true,"audioPlay":false,"sceneViewState":{"m_AlwaysRefresh":false,"showFog":true,"showSkybox":true,"showFlares":true,"showImageEffects":true,"showParticleSystems":true,"showVisualEffectGraphs":true,"m_FxEnabled":true},"in2DMode":false,"pivot":{"x":-45.071170806884769,"y":0.20806655287742616,"z":-18.13320541381836},"rotation":{"x":0.019651450216770173,"y":-0.8865240216255188,"z":0.03745820000767708,"w":0.46087491512298586},"size":28.98615264892578,"orthographic":false}