﻿{"cameraMode":{"drawMode":0,"name":"Shaded","section":"Shading Mode"},"sceneLighting":true,"audioPlay":false,"sceneViewState":{"m_AlwaysRefresh":true,"showFog":true,"showSkybox":true,"showFlares":true,"showImageEffects":true,"showParticleSystems":true,"showVisualEffectGraphs":true,"m_FxEnabled":true},"in2DMode":false,"pivot":{"x":30.678342819213868,"y":-53.40686798095703,"z":-267.0738525390625},"rotation":{"x":-0.005872509907931089,"y":-0.9932231307029724,"z":0.10047322511672974,"w":-0.05889403074979782},"size":140.22085571289063,"orthographic":false}